stock_code,company_name,announcement_date,listing_date,lock_length_months,issue_price,reference_price,discount_pct,shares_issued,amount_raised_cny,issue_objects,source
000697,ST炼石,2011-12-31,2012-01-20,24.0,2.24,11.5812,80.6583,294481830.0,659639299.0,向关联方张政、徐跃东、四川恒康资产管理有限公司、深圳市汇世邦科技有限公司、深圳市奥格立电子科技有限公司、陕西力加投资有限公司及浦伟杰、楼允、王林、咸阳市能源开发投资有限公司等10名特定投资者非公开发行股份,eastmoney
600757,长江传媒,2011-12-31,2012-01-18,36.0,5.2,6.0421,13.9372,487512222.0,2535063558.04,湖北长江出版传媒集团有限公司,eastmoney
600855,航天长峰,2011-12-29,2011-12-30,36.0,9.02,7.9594,-13.3251,39013425.0,351901100.0,向控股东东防御院非公开发行,eastmoney
002131,利欧股份,2011-12-28,2012-01-19,36.0,14.58,1.181,-1134.547,18524353.0,270085100.0,向欧亚云、欧亚峰、罗兵辉、李洪辉、朱平正、胡观辉、周海蓉、吴波、郭华定和瑞鹅投资等10名特定投资者非公开发行,eastmoney
002033,丽江股份,2011-12-28,2012-01-16,36.0,16.69,6.6137,-152.355,12584909.0,210042100.0,向关联方丽江市玉龙雪山景区投资管理有限公司非公开发行股份,eastmoney
000422,湖北宜化,2011-12-23,2012-01-20,24.0,19.3,11.61,-66.236,84300000.0,1626990000.0,"向控股股东湖北宜化集团有限责任公司,向西安长科投资管理有限合伙企业、北京恒丰融升股权投资中心(有限合伙)、北京盛世美林投权投资中心(有限合伙)等4名特定投资者非公开发行股份",eastmoney
002204,大连重工,2011-12-19,2011-12-27,36.0,25.29,5.496,-360.1528,215193341.0,5442239593.89,向控股股东大连重工·起重集团有限公司非公开发行股份,eastmoney
600449,宁夏建材,2011-12-19,2011-12-21,36.0,22.13,7.5643,-192.5585,113775543.0,2517852767.0,向中国中材股份有限公司非公开发行股份吸收合并建材集团,eastmoney
000560,我爱我家,2011-12-15,2011-12-28,36.0,10.47,2.556,-309.6244,30128662.0,315447100.0,向关联方西南商业大厦股份有限公司非公开发行股份,eastmoney
600699,均胜电子,2011-12-13,2011-12-16,36.0,4.3,6.2603,31.3132,206324766.0,887196499.0,向控股股东均胜集团及其一直行动人安泰科技、骆建强非公开发行,eastmoney
002231,*ST奥维,2011-12-13,2011-12-29,12.0,12.85,6.7778,-89.5895,17900000.0,230015000.0,向西安长令投资管理有限合伙企业、常州市新发展实业公司、中钢投资有限公司、华泰柏瑞基金管理有限公司等6名特定投资者非公开发行股份,eastmoney
000863,三湘印象,2011-12-12,2012-08-03,36.0,3.0,2.5972,-15.509,564070661.0,1692212000.0,"向关联方许文智、陈劲松、李晓红、黄建、厉农帆、徐玉定向配售,向上海三湘投资控股有限公司、深圳市和方投资有限公司、黄卫枝、王庆华等特定对象非公开发行股票",eastmoney
600499,科达制造,2011-12-09,2011-12-13,12.0,15.7,5.3676,-192.4957,24929900.0,391399430.0,向吴应真、梁桐灿、梁汉柱等10名特定投资者非公开发行股份,eastmoney
600073,光明肉业,2011-12-08,2011-12-15,24.0,10.6,5.249,-101.9432,142227358.0,1507609995.0,"向实际控制人光明食品(集团)有限公司,向上海六禾之泰投资中心(有限合伙)、汇祥镒泰(天津)股权投资基金合伙企业(有限合伙)等4名特定投资者非公开发行",eastmoney
600381,*ST春天,2011-12-06,2011-12-23,12.0,5.91,32.7124,81.9335,262267300.0,1549999743.0,向关联方陈高琪及上海镕晟股权投资管理中心(有限合伙)、华宝信托有限责任公司、北京中金祥合资产管理有限公司、江苏瑞华投资控股集团有限公司等6名特定投资者非公开发行股份,eastmoney
600637,东方明珠,2011-12-06,2011-12-15,24.0,7.67,9.1172,15.8733,404871522.0,3105364573.74,向控股股东上海东方传媒集团有限公司及上海诚贝投资咨询有限公司、上海联和投资有限公司、同方股份有限公司等9名特定投资者非公开发行,eastmoney
002135,东南网架,2011-12-05,2011-12-22,12.0,8.23,4.5743,-79.9182,74300000.0,611489000.0,向天平汽车保险股份有限公司、华宝兴业基金管理有限公司、陈升、上海戴德拉投资管理合伙企业(有限合伙)等7名特定投资者非公开发行股份,eastmoney
002264,新华都,2011-12-02,2011-12-28,24.0,12.52,8.4708,-47.8019,36426517.0,456059993.0,"向控股股东新华都实业集团股份有限公司,实际控制人陈发树先生,非控股股东林宗杰及特定投资者天津六禾碧云股权投资基金合伙企业(有限合伙)、中海基金管理有限公司和上海国鑫投资发展有限公司非公开发行股份",eastmoney
000534,万泽股份,2011-12-02,2012-01-18,36.0,3.27,5.6839,42.4691,230581000.0,754000000.0,向控股股东万泽集团非公开发行股份,eastmoney
002273,水晶光电,2011-12-01,2011-12-23,24.0,35.95,4.1834,-759.3489,9200000.0,330740000.0,"向控股股东星星集团有限公司定向配售,向易方达基金管理有限公司、天津六禾碧云股权投资基金合伙企业(有限合伙)、工银瑞信基金管理有限公司特定投资者非公开发行",eastmoney
000426,兴业银锡,2011-11-30,2012-03-07,36.0,14.5,5.8167,-149.2822,17453363.0,253073763.5,向非控股股东内蒙古兴业集团股份有限公司定向配售,eastmoney
601139,深圳燃气,2011-11-29,2011-12-12,24.0,10.9,4.4134,-146.9751,90300000.0,984270000.0,"向控股股东,实际控制人深圳市人民政府国有资产监督管理委员会,向非控股股东港华投资有限公司,向泰康资产管理有限责任公司等6名特定投资者非公开发行",eastmoney
600346,恒力石化,2011-11-28,2011-12-08,36.0,9.63,2.6109,-268.8383,31000000.0,298530000.0,向控股股东大连市国有资产投资经营集团有限公司非公开发行,eastmoney
002115,三维通信,2011-11-25,2011-12-08,12.0,15.51,6.2819,-146.8998,13600000.0,210936000.0,向西安长顿投资管理有限合伙企业、邦信资产管理有限公司、上海磐厚投资管理有限公司等3名特定投资者非公开发行,eastmoney
002012,凯恩股份,2011-11-18,2011-12-13,12.0,12.8,7.0488,-81.5912,39023437.0,499499994.0,"向华宝投资有限公司定向配售,向天津六禾碧云股权投资基金合伙企业(有限合伙)、西安长国投资管理有限合伙企业和西安长咸投资管理有限合伙企业等8名特定投资者非公开发行",eastmoney
002004,华邦健康,2011-11-17,2011-12-21,24.0,23.86,3.54,-574.0113,35493000.0,846862980.0,"华邦制药通过换股方式吸收合并颖泰嘉和,以发行股票作为对价,交换李生学等十八名自然人股东所持颖泰嘉和股权",eastmoney
600467,好当家,2011-11-17,2011-11-28,24.0,11.45,5.6838,-101.4497,96897152.0,1109472390.0,"向控股股东好当家集团定向配售,向天津六禾碧云股权投资基金合伙企业(有限合伙),天津盛熙股权投资基金合伙企业(有限合伙)等7名特定对象非公开发行",eastmoney
600546,山煤国际,2011-11-16,2011-12-01,12.0,22.8,9.0368,-152.3017,241228070.0,5499999996.0,向兴业全球基金管理有限公司、易方达基金管理有限公司和宁波青春投资有限公司等9名特定对象非公开发行,eastmoney
002340,格林美,2011-11-16,2011-12-02,12.0,22.0,2.6708,-723.7232,47159090.0,1037499980.0,向广发基金管理有限公司、天津晟乾宝典股权投资基金合伙企业(有限合伙)、上海戴德拉投资管理合伙企业(有限合伙)等8名特定对象非公开发行,eastmoney
002081,金螳螂,2011-11-09,2011-11-24,12.0,36.0,6.4283,-460.0236,36843800.0,1326376800.0,向广发基金管理有限公司、交银施罗德基金管理有限公司、上海景林景通股权投资中心(有限合伙)等8名特定投资者非公开发行,eastmoney
000809,和展能源,2011-11-09,2012-01-05,24.0,10.23,9.364,-9.2482,252003908.0,2578000000.0,向特定投资者铁岭经营公司、京润蓝筹、三助嘉禾等5名特定对象非公开发行,eastmoney
600869,远东股份,2011-11-08,2011-11-24,12.0,21.69,5.5493,-290.8601,67589000.0,1466005410.0,"向非控股股东上海藏源生物科技有限公司定向配售,向丁志刚、江苏新扬子造船有限公司和江苏瑞华投资发展有限公司等9名特定对象非公开发行",eastmoney
600433,冠豪高新,2011-11-04,2011-11-21,24.0,8.45,2.7872,-203.1716,81900000.0,692055000.0,向控股股东中国纸业投资总公司、非控股股东宏源证券股份有限公司及中国高新投资集团公司、上海宸乾投资有限公司、中债信用增进投资股份有限公司等3名特定投资者非公开发行,eastmoney
600801,华新建材,2011-11-04,2011-11-08,24.0,14.01,5.5225,-153.6895,128099928.0,1794679991.0,向控股股东Holchin B.V.有限责任公司及天津盛熙股权投资基金合伙企业(有限合伙)等7名特定投资者非公开发行,eastmoney
002079,苏州固锝,2011-10-31,2011-11-24,24.0,13.08,7.5105,-74.1562,39600000.0,517968000.0,向控股股东苏州通博电子器材有限公司及上海证券有限责任公司等7名特定投资者非公开发行,eastmoney
002234,民和股份,2011-10-28,2011-11-15,12.0,19.3,12.9091,-49.5069,43523316.0,839999999.0,向非控股股东刘世峰、李宁及兴业全球基金管理有限公司等8名特定投资者非公开发行,eastmoney
002126,银轮股份,2011-10-27,2011-11-11,12.0,16.31,4.133,-294.6286,29000000.0,472990000.0,向上海东风汽车进出口有限公司、西安长野投资管理有限合伙企业等8家特定投资者非公开发行,eastmoney
600537,亿晶光电,2011-10-26,2011-11-22,36.0,8.31,11.8679,29.9792,255837301.0,2126007971.31,本次向亿晶光电荀建华等5名特定投资者非公开发行,eastmoney
002020,京新药业,2011-10-24,2011-11-08,24.0,18.3,3.3227,-450.7569,24781420.0,453499986.0,向关联方浙江元金投资有限公司及天津六禾碧云股权投资基金合伙企业(有限合伙)等6名特定投资者非公开发行,eastmoney
600859,王府井,2011-10-24,2011-10-26,36.0,41.21,22.2702,-85.0455,45126182.0,1859650000.0,向控股股东北京王府井国际商业发展有限公司及特定投资者成都工投资产经营有限公司非公开发行,eastmoney
002011,盾安环境,2011-10-21,2011-11-09,12.0,11.3,12.126,6.8118,85500000.0,966150000.0,向陈伟峰等9名特定投资者非公开发行,eastmoney
000799,酒鬼酒,2011-10-17,2011-11-02,24.0,20.1,19.9854,-0.5734,21878980.0,439767498.0,"向控股股东中皇有限公司定向配售,向非控股股东张寿清定向配售,向上海洛瑞尔投资管理合伙企业(有限合伙)等5名特定投资者非公开发行",eastmoney
002185,华天科技,2011-10-14,2011-11-04,12.0,11.12,1.9848,-460.258,32900000.0,365848000.0,向股东杭州友旺电子有限公司和关联方杭州士兰微电子股份有限公司及上海丹晟创业投资有限公司等4名特定投资者非公开发行,eastmoney
000603,盛达资源,2011-10-13,2011-11-09,24.0,7.54,25.6023,70.5495,364626167.0,2749281300.0,北京盛达振兴实业有限公司(为公司控股股东甘肃盛达集团股份有限公司之全资子公司)及赤峰红烨投资有限公司、王彦峰、王伟特定投资者非公开发行,eastmoney
002276,万马股份,2011-09-30,2011-10-18,24.0,13.32,6.9562,-91.4839,31600000.0,420912000.0,向控股股东浙江万马电气电缆集团有限公司和上海英博企业发展有限公司等4名特定投资者非公开发行,eastmoney
600104,上汽集团,2011-09-28,2011-12-28,36.0,16.33,8.5081,-91.9347,1783144938.0,29118756830.0,"向控股股东上海汽车工业(集团)总公司,关联方上海汽车工业有限公司非公开发行股份",eastmoney
600403,大有能源,2011-09-28,2011-09-29,36.0,11.64,12.3174,5.4995,706182963.0,8219969689.32,向特定投资者义马煤业集团股份有限公司非公开发行,eastmoney
000876,新希望,2011-09-26,2011-11-04,24.0,8.0,8.3963,4.7199,905298070.0,7242384560.0,向李巍、刘畅、南方希望、青岛善诚、青岛思壮等8名关联方非公开增发,eastmoney
000788,北大医药,2011-09-22,2011-10-20,36.0,10.26,8.2086,-24.9909,13202570.0,135458368.21,向第二大股东北大国际医院集团有限公司定向配售,eastmoney
600712,南宁百货,2011-09-22,2011-10-11,12.0,8.32,6.1475,-35.3396,80000000.0,665600000.0,向博弘数君(天津)股权投资基金合伙企业(有限合伙)等6名特定投资者非公开发行,eastmoney
002331,皖通科技,2011-09-21,2011-10-18,36.0,13.67,5.5846,-144.7803,12510668.0,171028200.0,向特定投资者烟台华东电子科技有限公司非公开发行,eastmoney
600335,国机汽车,2011-09-19,2011-09-27,36.0,7.83,9.7461,19.6602,284047407.0,2224091196.81,"向实际控制人中国机械工业集团有限公司定向配售,向天津渤海国有资产经营管理有限公司特定投资者非公开发行",eastmoney
600160,巨化股份,2011-09-09,2011-09-23,24.0,18.0,9.4359,-90.7608,89350000.0,1608300000.0,"向控股股东巨化集团公司定向配售,向东莞市晶达股权投资有限公司、深圳市平安创新资本投资有限公司等7名特定投资者非公开发行",eastmoney
000525,红太阳,2011-09-08,2011-09-30,36.0,9.18,14.646,37.3208,227008007.0,2083933504.26,向关联方南京第一农药集团有限公司定向配售,eastmoney
600340,华夏幸福,2011-09-08,2011-09-16,36.0,3.95,2.0794,-89.9586,355427060.0,1403936887.0,向控股股东华夏幸福非公开发行,eastmoney
600792,云煤能源,2011-09-01,2011-09-09,36.0,7.94,7.1498,-11.0521,274000000.0,2175560000.0,向昆明钢铁控股有限责任公司非公开发行,eastmoney
600633,浙数文化,2011-09-01,2011-09-05,36.0,7.78,3.0551,-154.6561,277682917.0,2160373094.0,向浙报传媒控股集团有限公司定向配售,eastmoney
600410,华胜天成,2011-08-29,2011-09-05,12.0,12.94,7.6782,-68.5291,39034003.0,505099999.0,公司以非公开发行股票的方式向中国高新投资集团公司等6名特定投资者发行,eastmoney
002216,三全食品,2011-08-23,2011-09-09,12.0,35.5,7.5209,-372.018,14054383.0,498930597.0,公司以非公开发行股票的方式向广发证券股份有限公司等7名特定投资者发行,eastmoney
000868,安凯客车,2011-08-18,2011-09-30,12.0,10.18,5.3485,-90.3337,45000000.0,458100000.0,向江苏瑞华投资发展有限公司、上海阿客斯投资管理合伙企业(有限合伙)和江阴市长江钢管有限公司等8名特定投资者非公开发行,eastmoney
002263,大东南,2011-08-12,2011-09-20,24.0,9.35,3.6241,-157.9951,137795966.0,1288392282.0,"向控股股东浙江大东南集团有限公司定向配售,向绍兴越商九期投资合伙企业(有限合伙)、华宝信托有限责任公司等7名特定投资者非公开发行",eastmoney
000566,海南海药,2011-08-11,2011-08-31,24.0,23.5,5.8191,-303.8425,34745982.0,816530577.0,向控股股东深圳市南方同正投资有限公司及中国银河投资管理有限公司等7名特定投资者非公开发行,eastmoney
600298,安琪酵母,2011-08-11,2011-08-22,12.0,34.5,12.3502,-179.3477,23585800.0,813710100.0,公司以非公开发行股票的方式向邦信资产管理有限公司等6名特定投资者发行,eastmoney
002237,恒邦股份,2011-08-11,2011-08-26,12.0,35.64,10.986,-224.4129,36000000.0,1283040000.0,向国华人寿保险股份有限公司等9名特定投资者非公开发行,eastmoney
600489,中金黄金,2011-08-10,2011-08-12,13.5,24.97,15.4079,-62.0597,112134561.0,2799999988.0,向中国人寿资产管理有限公司、建银国际资本管理(天津)有限公司和宁波青春投资有限公司等7名特定投资者非公开发行,eastmoney
601000,唐山港,2011-08-09,2011-08-23,12.0,6.8,1.1085,-513.4416,127973058.0,870216795.0,向西藏林芝正源策略投资有限公司等8名特定投资者非公开发行,eastmoney
002043,兔宝宝,2011-08-05,2011-08-22,24.0,9.1,2.238,-306.613,52009890.0,473289999.0,向控股股东德华集团控股股份有限公司以及泰康资产管理有限责任公司、朱敏剑、王东力等5名特定投资者非公开发行,eastmoney
600176,中国巨石,2011-08-02,2011-08-04,36.0,19.03,4.4598,-326.7007,154361000.0,2937489830.0,"向控股股东中国建材股份有限公司定向配售,向非控股股东振石控股集团有限公司定向配售,向珍成国际有限公司和索瑞斯特财务有限公司特定投资者非公开发行",eastmoney
000776,广发证券,2011-08-01,2011-08-26,12.0,26.91,13.0342,-106.4569,452600000.0,12179466000.0,向关联方安徽华茂纺织股份有限公司及揭阳市信宏资产管理中心(有限合伙)等9名特定投资者非公开发行,eastmoney
600827,百联股份,2011-07-31,2011-09-05,36.0,15.57,14.6279,-6.4404,302394810.0,4708287191.7,向控股股东百联集团有限公司定向配售,eastmoney
000656,*ST金科,2011-07-29,2011-08-23,24.0,5.18,3.4967,-48.1397,908498204.0,4706020700.0,金科集团的全体股东(共计26名),eastmoney
600170,上海建工,2011-07-29,2011-08-02,36.0,14.9,1.695,-779.056,114301930.0,1703098757.0,向控股股东上海建工(集团)总公司定向配售,eastmoney
600459,贵研铂业,2011-07-26,2011-08-08,24.0,22.74,8.4726,-168.3946,12807000.0,291231180.0,"向控股股东云南锡业集团(控股)有限责任公司定向配售,向绍兴润鑫股权投资合伙企业(有限合伙)和山西证券股份有限公司等4名特定投资者非公开发行",eastmoney
002060,广东建工,2011-07-25,2011-09-20,12.0,9.59,3.6503,-162.7181,85987278.0,824617996.0,向上海克米列投资管理合伙企业(有限合伙)、上海涌玖股权投资有限公司和中国银河投资管理有限公司等8名特定投资者非公开发行,eastmoney
002283,天润工业,2011-07-21,2011-08-12,12.0,13.6,6.379,-113.1996,79411764.0,1079999990.0,向江西新拓投资股份有限公司、西藏自治区投资有限公司和王宏涛等10名特定对象非公开发行,eastmoney
000001,平安银行,2011-07-20,2011-08-05,36.0,17.75,4.614,-284.6987,1638336654.0,29080475600.0,向中国平安保险(集团)股份有限公司非公开发行股份,eastmoney
000750,国海证券,2011-07-15,2011-08-05,,3.72,0.838,-343.9141,501723229.0,1866410411.88,向国海证券除索美公司及索科公司以外的全体股东以其所持国海证券的股权按比例认购相应新增股份,eastmoney
600292,电投水电,2011-07-14,2011-07-25,36.0,9.17,11.0931,17.336,177372636.0,1626507072.0,向公司的控股股东中国电力投资集团公司定向配售,eastmoney
000596,古井贡酒,2011-07-08,2011-08-03,12.0,75.0,31.1684,-140.6283,16800000.0,1260000000.0,向普宁市信宏实业投资有限公司、西安长国投资管理有限合伙企业和西安长咸投资管理有限合伙企业等6名特定投资者非公开发行,eastmoney
002165,红宝丽,2011-07-08,2011-07-26,12.0,15.16,6.3397,-139.128,16230844.0,246059595.0,向安徽国元信托有限责任公司等7名特定机构投资者非公开发行,eastmoney
002085,万丰奥威,2011-07-08,2011-07-21,36.0,7.85,1.9198,-308.8968,105748968.0,830129400.0,向公司控股股东万丰奥特控股集团有限公司以及张锡康、蔡竹妃、倪伟勇3名关联方非公开发行,eastmoney
600057,厦门象屿,2011-07-06,2011-07-15,36.0,3.71,1.7294,-114.5253,430000000.0,1595300000.0,向厦门象屿集团有限公司和厦门象屿建设集团有限责任公司特定对象非公开发行,eastmoney
002176,江特电机,2011-07-06,2011-07-20,12.0,22.0,5.1247,-329.2934,17010000.0,374220000.0,向天津康荣股权投资合伙企业(有限合伙)等4家特定机构投资者非公开发行,eastmoney
600165,ST宁科,2011-07-05,2011-07-07,36.0,7.02,2.4738,-183.774,80000000.0,561600000.0,向上海新日股权投资股份有限公司非公开发行,eastmoney
600350,山东高速,2011-07-01,2011-07-06,36.0,5.19,2.213,-134.5233,1447365857.0,7511828800.0,向山东高速集团有限公司非公开发行,eastmoney
600375,汉马科技,2011-06-29,2011-07-12,42.0,8.18,16.9201,51.6551,218259347.0,1785361500.0,"向公司关联方安徽星马汽车集团有限公司定向配售,向安徽省投资集团有限责任公司等8名特定机构投资者非公开发行",eastmoney
002190,成飞集成,2011-06-28,2011-07-13,12.0,17.2,21.7692,20.9893,59302325.0,1019999990.0,向嘉兴鼎峰优选股权投资中心(有限合伙)等10名特定投资者非公开发行,eastmoney
002229,鸿博股份,2011-06-28,2011-07-18,12.0,13.6,4.7663,-185.3366,20940000.0,284784000.0,向常州投资集团有限公司等8名特定投资者非公开发行,eastmoney
600577,精达股份,2011-06-24,2011-07-06,12.0,9.2,1.9676,-367.5747,66086900.0,607999480.0,向苏州云开投资中心(有限合伙)等5名特定机构资投资非公开发行,eastmoney
600888,新疆众和,2011-06-23,2011-07-01,24.0,20.05,8.2075,-144.2888,58983541.0,1182619997.0,向控股股东特变电工股份有限公司定向配售及上海哲熙投资管理合伙企业(有限合伙)等七位特定对象非公开发行,eastmoney
600527,江南高纤,2011-06-20,2011-06-30,12.0,8.56,1.9219,-345.3926,49766355.0,425999999.0,向深圳市中信联合创业投资有限公司等8名特定机构资投资非公开发行,eastmoney
600780,通宝能源,2011-06-17,2011-06-22,36.0,5.63,5.7361,1.8497,273561545.0,1540151500.0,"向控股股东山西国际电力集团有限公司定向配售,向山西国际电力资产管理有限公司特定对象非公开发行",eastmoney
002067,景兴纸业,2011-06-16,2011-07-04,24.0,6.13,3.4338,-78.5194,154975500.0,949999815.0,"向控股股东朱在龙定向配售,向华宝信托有限责任公司、博弘数君(天津)股权投资基金合伙企业(有限合伙)和中海基金管理有限公司等9名特定对象非公开发行",eastmoney
000019,深粮控股,2011-06-16,2011-07-04,24.0,8.7,4.4113,-97.2208,68977066.0,600100474.0,向关联方林逸香、夏振忠、曹丽君和郑玲娜定向配售。向李杜若、深圳市天中投资有限公司和新疆协和股权投资合伙企业(有限合伙)等4名特定对象非公开发行,eastmoney
600094,大名城,2011-06-15,2011-06-21,36.0,2.23,5.5992,60.1729,1039471959.0,2318022500.0,"向控股股东福州东福实业发展有限公司定向配售,向关联方福州锦昌贸易有限公司、福州三嘉制冷设备有限公司、福州创元贸易有限公司非公开发行",eastmoney
002226,江南化工,2011-06-09,2011-06-22,36.0,14.18,5.2523,-169.977,123800000.0,1755484000.0,向关联方盾安控股集团有限公司、安徽盾安化工集团有限公司非公开发行,eastmoney
002161,远望谷,2011-06-07,2011-06-23,12.0,19.26,10.3252,-86.5339,36038700.0,694105362.0,向上海力利投资管理合伙企业(有限合伙)、上海力利投资管理合伙企业(有限合伙)和中新融创资本管理有限公司等8名特定投资者非公开发行,eastmoney
000415,渤海租赁,2011-06-01,2011-07-14,24.0,9.0,5.1387,-75.1416,676012606.0,6084113454.0,向海航资本控股有限公司、天津燕山股权投资基金有限公司、天津天信嘉盛投资有限公司、天津保税区投资有限公司、天津远景天创股权投资合伙企业(有限合伙)、天津通合投资有限公司、天津天诚嘉弘股权投资基金合伙企业(有限合伙)特定投资者非公开发行,eastmoney
000719,中原传媒,2011-05-31,2011-06-29,36.0,4.8,4.9868,3.7459,285262343.0,1369259248.56,向第一大股东中原出版传媒集团非公开发行,eastmoney
002167,东方锆业,2011-05-31,2011-07-01,24.0,30.06,11.8464,-153.748,27270000.0,819736200.0,"向控股股东(实际控制人)陈潮钿定向配售,向博弘数君(天津)股权投资基金合伙企业(有限合伙)、江苏瑞华投资发展有限公司和张清永等6名特定对象非公开发行",eastmoney
600372,中航机载,2011-05-26,2011-05-31,36.0,7.59,19.9309,61.9184,337073801.0,2558390000.0,向公司实际控制人中国航空工业集团公司、控股股东中国航空科技工业股份有限公司及公司关联方中航航空电子系统有限责任公司和汉中航空工业(集团)有限公司定向配售,eastmoney
000878,云南铜业,2011-05-26,2011-07-14,12.0,18.64,20.3467,8.3881,159710000.0,2976994400.0,向中国信达资产管理股份有限公司等9名特定投资者非公开发行,eastmoney
000981,山子高科,2011-05-24,2011-05-30,36.0,4.75,0.8467,-461.0015,698005200.0,3315524700.0,向控股股东宁波银亿控股有限公司定向配售,eastmoney
601991,大唐发电,2011-05-24,2011-05-30,24.0,6.74,5.151,-30.8484,1000000000.0,6740000000.0,"向公司控股股东中国大唐集团公司、非控股股东天津市津能投资公司、航天科工财务有限责任公司、中国东方电气集团有限公司定向配售,向哈尔滨动力设备股份有限公司、上海电气(集团)总公司、内蒙古伊泰集团有限公司、工银瑞信基金管理有限公司、上海彤卉实业有限公司特定对象非公开发行",eastmoney
600710,苏美达,2011-05-23,2011-06-02,12.0,10.9,7.6301,-42.8553,47370000.0,516333000.0,向天津武科创盈联股权投资基金合伙企业(有限合伙)等8名特定投资者非公开发行,eastmoney
000417,合百集团,2011-05-23,2011-06-24,12.0,17.55,9.7999,-79.0835,40200000.0,705510000.0,向易方达基金管理有限公司、天津凯石益金股权投资基金合伙企业(有限合伙)和天津凯石兴利股权投资基金合伙企业(有限合伙)等7名特定投资者非公开发行,eastmoney
002125,湘潭电化,2011-05-20,2011-06-09,24.0,19.53,5.0827,-284.2446,11556635.0,225701082.0,向控股股东湘潭电化集团有限公司定向配售、特定机构投资者上海莱乐客投资管理合伙企业(有限合伙)、上海建铮投资管理有限公司、中海基金管理有限公司、博弘数君(天津)股权投资基金合伙企业(有限合伙)非公开发行,eastmoney
600256,广汇能源,2011-05-17,2011-05-25,24.0,24.0,5.4911,-337.0709,89166666.0,2139999984.0,向公司控股股东新疆广汇实业投资(集团)有限责任公司、非控股股东华夏基金管理有限公司定向配售及向上海德华投资有限公司等七名特定机构投资者非公开发行,eastmoney
000988,华工科技,2011-05-12,2011-06-08,12.0,20.0,9.7238,-105.6809,37950500.0,759010000.0,向昆明盛世景投资中心(有限合伙)等6名机构投资者非公开发行,eastmoney
002006,精工科技,2011-05-10,2011-05-24,12.0,60.1,19.7722,-203.9621,7720000.0,463972000.0,向上海循然投资合伙企业(有限合伙)等4名机构投资者非公开发行,eastmoney
600096,云天化,2011-05-06,2011-05-20,12.0,17.93,18.7984,4.6195,103513229.0,1855992196.0,向绍兴越商七期投资合伙企业(有限合伙)等10名特定机构投资者非公开发行,eastmoney
000007,全新好,2011-05-04,2011-05-20,36.0,7.06,6.157,-14.6662,46000000.0,324760000.0,向董事长练卫飞和苏光伟采取非公开发行,eastmoney
600278,东方创业,2011-04-27,2011-04-28,36.0,12.2,7.3367,-66.2873,81724414.0,997037851.58,向公司控股股东东方国际(集团)有限公司定向配售,eastmoney
600183,生益科技,2011-04-27,2011-05-13,24.0,9.24,3.8278,-141.3919,137606016.0,1271479588.0,"向公司第一大股东东莞市电子工业总公司、第二大股东伟华电子有限公司定向配售,向中国长城资产管理公司等6名特定机构投资者非公开发行",eastmoney
600015,华夏银行,2011-04-22,2011-04-26,60.0,10.87,3.7916,-186.6864,1859197460.0,20209476389.0,向非控股股东首钢总公司、英大国际控股集团有限公司和德意志银行卢森堡股份有限公司定向配售,eastmoney
000620,盈新发展,2011-04-22,2011-06-02,36.0,2.27,1.9613,-15.7396,1286343609.0,2919999992.43,向控股股东新华联控股有限公司定向配售及科瑞集团有限公司、泛海能源投资股份有限公司、巨人投资有限公司、北京长石投资有限公司、北京合力同创投资有限公司特定投资者非公开发行,eastmoney
000547,航天发展,2011-04-22,2011-05-16,36.0,8.7,4.8495,-79.3999,64367816.0,559999999.0,"向控股股东福建国力民生科技投资有限公司定向配售,向北京新荣拓展投资管理有限公司、北京金谷融通投资有限公司、奉友谊、张传义特定投资者非公开发行",eastmoney
000703,恒逸石化,2011-04-21,2011-06-08,36.0,9.78,10.7249,8.8103,432883813.0,4233603691.14,向浙江恒逸集团有限公司定向配售、天津鼎晖股权投资一期基金(有限合伙)、天津鼎晖元博股权投资基金(有限合伙)特定投资者非公开发行,eastmoney
600172,黄河旋风,2011-04-21,2011-04-27,24.0,14.21,4.8036,-195.8198,45742434.0,649999987.0,"向控股股东河南黄河实业集团股份有限公司定向配售,向博弘数君(天津)股权投资基金合伙企业(有限合伙)、博时基金管理有限公司、上海莱乐客投资管理合伙企业(有限合伙)非公开发行",eastmoney
000762,西藏矿业,2011-04-21,2011-05-13,24.0,29.18,23.4377,-24.5003,41615335.0,1214335475.0,"向公司控股股东西藏自治区矿业发展总公司定向配售,向天津旺根股权投资管理合伙企业(有限合伙)等7名特定机构投资者非公开发行",eastmoney
002230,科大讯飞,2011-04-20,2011-05-10,12.0,40.65,7.4732,-443.9437,10953751.0,445269978.0,向泰康资产管理有限责任公司等6名特定机构投资者非公开发行,eastmoney
600749,西藏旅游,2011-04-18,2011-04-28,12.0,14.5,16.7026,13.1872,24137931.0,350000000.0,向光大证券股份有限公司(中国光大银行股份有限公司-光大阳光集合资产管理计划)、上海莱乐客投资管理合伙企业(有限合伙)、王妙玉、苏州君创投资有限公司、西藏自治区国有资产经营公司、上海朱雀投资发展中心(有限合伙)、南方基金管理有限公司非公开发行,eastmoney
002299,圣农发展,2011-04-18,2011-06-03,12.0,16.5,13.6023,-21.303,90900000.0,1499850000.0,向金元证券股份有限公司等9名机构投资者非公开发行,eastmoney
000531,穗恒运A,2011-04-13,2011-05-27,24.0,15.53,4.0548,-283.0029,76020150.0,1180592929.5,向股东广州开发区工业发展集团有限公司、广州市国营黄陂农工商联合公司及关联方广州电力企业集团有限公司、广州港能源发展有限公司、广东省电力第一工程局、广州市源润森实业有限公司非公开发行,eastmoney
600567,山鹰国际,2011-04-12,2011-04-22,24.0,4.8,2.4562,-95.4238,220000000.0,1056000000.0,"向公司关联方马鞍山市工业投资有限责任公司定向配售,向湖南轻盐创业投资管理有限公司、上海莱乐客投资管理合伙企业(有限合伙)等8名特定机构投资者非公开发行",eastmoney
600866,星湖科技,2011-04-12,2011-04-22,24.0,13.13,12.1227,-8.3092,29290936.0,384589990.0,"向非控股股东广东省广新控股集团有限公司非公公开发行,向上海星河数码投资有限公司、湖南湘投金天科技集团有限责任公司、方正东亚信托有限责任公司等9家特定对象非公开发行",eastmoney
000802,北京文化,2011-04-11,2011-05-03,36.0,10.75,6.962,-54.4097,50000000.0,537500000.0,向非控股股东中国华力控股集团有限公司定向配售,eastmoney
600662,外服控股,2011-04-07,2011-05-25,36.0,7.03,5.9489,-18.1731,239823174.0,1685956913.22,向控股股东上海强生集团有限公司、间接控股股东上海久事公司定向配售,eastmoney
600018,上港集团,2011-04-06,2011-04-08,36.0,4.49,2.643,-69.8827,1764379518.0,7922064035.82,上海同盛投资(集团)有限公司,eastmoney
600361,创新新材,2011-04-06,2011-04-11,36.0,7.18,8.2453,12.9201,181000000.0,1299580000.0,向控股股东北京华联集团投资控股有限公司和股东洋浦万利通科技有限公司、海南亿雄商业投资管理有限公司非公开发行,eastmoney
600391,航发科技,2011-04-01,2011-04-28,12.0,20.15,13.722,-46.8445,52109181.0,1049999997.0,"鹰潭宏山投资管理有限合伙企业,江苏汇鸿国际集团土产进出口股份有限公司,景隆融尊(天津)股权投资基金合伙企业(有限合伙),天迪创新(天津)资产管理合伙企业(有限合伙),江苏鑫惠创业投资有限公司,万利隆投资管理有限公司,天津国汇股权投资管理合伙企业(有限合伙)和上海彤卉实业有限公司",eastmoney
000430,ST张家界,2011-03-31,2011-04-29,58.019999999999996,6.36,8.5683,25.7729,100799732.0,641086300.0,"向控股股东张家界市经济发展投资集团有限公司定向配售,向张家界市武陵源旅游产业发展有限公司和张家界国家森林公园管理处特定对象非公开发行",eastmoney
600017,日照港,2011-03-30,2011-04-14,12.0,3.94,3.6484,-7.9925,365478600.0,1439985684.0,向特定投资者中国长城资产管理公司、中国华融资产管理公司、山东高速集团有限公司、兖矿集团有限公司、山东海洋投资有限公司、山东省国有资产投资控股有限公司非公开发行,eastmoney
600770,综艺股份,2011-03-25,2011-04-12,24.0,19.72,15.9172,-23.8911,69800000.0,1376456000.0,向控制人昝圣达和特定投资者华夏基金管理有限公司、工银瑞信基金管理有限公司、天津证大金兔股权投资基金合伙企业(有限合伙)、观唐投资控股有限公司、上海鼎基投资有限公司、北京市融成源投资有限公司、季峰非公开发行,eastmoney
000598,兴蓉环境,2011-03-25,2011-04-19,12.0,17.2,3.8705,-344.387,114755813.0,1973799984.0,向曹鲁江、国泰基金管理有限公司、中信证券股份有限公司等10名特定投资者非公开发行,eastmoney
600353,旭光电子,2011-03-21,2011-04-01,24.0,13.8,2.468,-459.1572,22689550.0,313115790.0,向控股股东新的集团有限公司及绍兴润鑫股权投资合伙企业(有限合伙)、天津证大金兔股权投资基金合伙企业(有限合伙)、张引生、华宝信托有限责任公司、张寿清特定投资者非公开发行,eastmoney
600157,永泰能源,2011-03-16,2011-03-25,24.0,22.5,2.998,-650.5003,80000000.0,1800000000.0,向控股股东永泰投资控股有限公司及华宝信托有限责任公司、济南北安投资有限公司、江苏荣华资产管理有限公司、江苏宗申三轮摩托车制造有限公司、海通证券股份有限公司、中国华电集团资本控股有限公司特定投资者非公开发行,eastmoney
601008,连云港,2011-03-14,2011-03-24,24.0,5.88,4.6638,-26.0774,86734693.0,509999995.0,"向控股股东连云港港口集团有限公司定向配售,向深圳市宏邦兴业投资发展有限公司等7名特定机构投资者非公开发行",eastmoney
002206,海利得,2011-03-11,2011-03-31,12.0,18.6,3.9053,-376.2758,48387000.0,899998200.0,向信达澳银基金管理有限公司、中信证券股份有限公司、杭州万好万家股权投资有限公司、兵器财务有限责任公司、华夏基金管理有限公司、华泰证券股份有限公司、易方达基金管理有限公司、天津证大金兔股权投资基金合伙企业(有限合伙)、雅戈尔集团股份有限公司特定投资者非公开发行,eastmoney
002218,拓日新能,2011-03-07,2011-03-16,12.0,21.0,7.9161,-165.2821,38500000.0,808500000.0,向济南北安投资有限公司等10名机构投资者非公开发行,eastmoney
600063,皖维高新,2011-03-04,2011-03-11,12.0,9.16,3.2572,-181.2231,100000000.0,916000000.0,向浙江天堂硅谷乐通股权投资合伙企业(有限合伙)等9名特定机构投资者非公开发行,eastmoney
600586,金晶科技,2011-03-03,2011-03-15,12.0,13.0,6.6558,-95.3184,121270000.0,1576510000.0,向华宝信托有限责任公司等7名特定机构投资者非公开发行,eastmoney
000935,四川双马,2011-03-01,2011-04-13,36.0,7.61,10.228,25.5964,296452000.0,2255999700.0,向实际控制人为拉法基中国非公开发行,eastmoney
600267,海正药业,2011-03-01,2011-03-15,12.0,33.28,20.9716,-58.6908,41038161.0,1365749998.0,向中国人寿资产管理有限公司等5名特定机构投资者非公开发行,eastmoney
002069,獐子岛,2011-02-25,2011-03-14,12.0,36.9,24.7856,-48.8768,21674796.0,799799972.0,向济南北安投资有限公司、江苏开元国际集团轻工业品进出口股份有限公司及江苏瑞华投资发展有限公司等6名特定对象非公开发行,eastmoney
002187,广百股份,2011-02-25,2011-03-11,12.0,24.5,11.1208,-120.3079,21351469.0,523110991.0,向中信证券股份有限公司、易方达基金管理有限公司、上海景贤投资有限公司及雅戈尔集团股份有限公司等7名特定对象非公开发行,eastmoney
600973,宝胜股份,2011-02-25,2011-03-11,24.0,18.05,4.0938,-340.9106,47154300.0,851135115.0,"向控股股东宝胜集团有限公司定向配售,向江西育科投资有限责任公司、济南北安投资有限公司及杨运萍等8名特定对象非公开发行",eastmoney
002138,顺络电子,2011-02-24,2011-03-23,12.0,23.8,7.1762,-231.6518,18060000.0,429828000.0,向中国银河投资管理有限公司等6家特定机构投资者非公开发行,eastmoney
002055,ST得润,2011-02-21,2011-03-11,12.0,21.0,11.9115,-76.3002,28571428.0,599999988.0,向天津证大金牛股权投资基金合伙企业(有限合伙)、易方达基金管理有限公司和五矿投资发展有限责任公司等6名特定对象非公开发行,eastmoney
000830,鲁西化工,2011-02-17,2011-03-11,12.0,5.1,3.7509,-35.9674,418627450.0,2134999995.0,向天津润丰达股权投资基金合伙企业(有限合伙)、国元证券股份有限公司和长江证券股份有限公司等10名特定对象非公开发行,eastmoney
600409,三友化工,2011-02-15,2011-02-16,36.0,6.29,3.8117,-65.0182,120444325.0,757594804.25,向实际控制人三友集团和控股股东碱业集团非公开发行,eastmoney
002136,安纳达,2011-02-14,2011-03-08,24.0,13.2,7.0345,-87.6466,28590000.0,377388000.0,"向控股股东铜陵化学工业集团有限公司,关联方铜陵市工业投资控股有限公司及博弘数君(天津)股权投资基金合伙企业(有限合伙)、南亚军等5名特定投资者非公开发行",eastmoney
002065,东华软件,2011-02-10,2011-02-24,36.0,19.63,3.6675,-435.242,16301577.0,320000000.0,向张秀珍、张建华、江海标、王佺、吕兴海特定投资者非公开发行,eastmoney
000523,红棉股份,2011-01-31,2011-03-04,12.0,10.4,5.783,-79.8375,50000000.0,520000000.0,向黄少彬、华宝信托有限责任公司、天津证大金牛股权投资基金合伙企业(有限合伙)和吴树容特定对象非公开发行,eastmoney
000925,众合科技,2011-01-27,2011-03-17,12.0,18.6,16.8748,-10.2235,22290000.0,414594000.0,向中融国际信托有限公司等6名特定机构投资者非公开发行,eastmoney
000932,华菱钢铁,2011-01-26,2011-03-17,36.0,5.57,2.0282,-174.6277,278000000.0,1548460000.0,向公司第一大股东华菱集团非公开发行,eastmoney
600187,国中水务,2011-01-25,2011-02-14,12.0,7.5,5.056,-48.3386,100000000.0,750000000.0,向新华基金管理有限公司等七名特定投资者非公开发行,eastmoney
600354,敦煌种业,2011-01-19,2011-02-11,24.0,25.0,15.5581,-60.688,17580000.0,439500000.0,"向股东金塔县供销合作联社作为公司定向配售,向江西国际信托股份有限公司、李萍、江苏瑞华投资发展有限公司、海富通基金管理有限公司特定投资者非公开发行",eastmoney
002068,黑猫股份,2011-01-17,2011-02-16,12.0,9.16,5.2675,-73.8965,49900000.0,457084000.0,向方正东亚信托有限责任公司等5名特定投资者非公开发行,eastmoney
600487,亨通光电,2011-01-17,2011-01-21,36.0,14.62,5.3889,-171.2984,40962505.0,598871823.1,向亨通集团有限公司及崔根海等六位自然人定价发行,eastmoney
600381,*ST春天,2011-01-12,2011-01-17,,3.41,28.2271,87.9194,146945796.0,501085164.36,向控股股东西宁市国新投资控股有限公司及张邻等2名特定投资者非公开发行,eastmoney
600803,新奥股份,2011-01-05,2011-01-07,53.04,7.31,9.4698,22.8072,75388977.0,551093421.87,向关联方新奥控股投资有限公司非公开发行,eastmoney
002199,*ST东晶,2010-12-30,2011-01-18,12.0,14.2,13.0569,-8.7548,21478873.0,304999997.0,向山西信托有限责任公司等10名特定投资者非公开发行,eastmoney
002172,澳洋健康,2010-12-29,2011-01-06,12.0,8.1,10.1385,20.1065,34220977.0,277189914.0,向上海成丰鼎泰股权投资合伙企业(有限合伙)等6名特定投资者非公开发行,eastmoney
002259,升达林业,2010-12-29,2011-01-13,12.0,5.67,4.4677,-26.9109,56400000.0,319788000.0,向山西信托有限责任公司等9名特定投资者非公开发行,eastmoney
002271,东方雨虹,2010-12-28,2011-01-25,12.0,35.0,2.8205,-1140.9147,13480000.0,471800000.0,向中信证券股份有限公司等4名特定投资者非公开发行,eastmoney
600461,洪城环境,2010-12-24,2011-01-05,12.0,14.5,4.2473,-241.3934,80000000.0,1160000000.0,"向股东中信证券股份有限公司,华安证券有限责任公司及百年化妆护理品有限公司等7名特定投资者非公开发行",eastmoney
002093,国脉科技,2010-12-24,2011-01-14,12.0,15.5,8.1913,-89.2252,32000000.0,496000000.0,向江海证券有限公司等7名特定投资者非公开发行,eastmoney
000528,柳工,2010-12-24,2011-01-24,24.0,30.0,14.0171,-114.0243,100000000.0,3000000000.0,"向控股股东广西柳工集团有限公司定向配售,及中邮创业基金管理有限公司等7名特定投资者非公开发行",eastmoney
002039,黔源电力,2010-12-23,2011-01-12,24.0,17.05,8.8189,-93.3348,63343108.0,1079999991.0,"向公司实际控制人中国华电集团公司、关联方贵州乌江水电开发有限责任公司定向配售,向易方达基金管理有限公司等7名特定投资者非公开发行",eastmoney
002205,国统股份,2010-12-16,2011-01-11,12.0,27.0,18.9892,-42.1861,16152018.0,436104486.0,向嘉实基金管理有限公司等6名特定投资者非公开发行,eastmoney
000792,盐湖股份,,2011-03-28,43.5,73.25,,,1057798607.0,77483747962.75,截至换股股权登记日(2011年3月15日)下午3:00收市后登记在册的盐湖集团全体股东,eastmoney
601975,招商南油,,2011-03-03,24.0,5.63,,,275000000.0,1548250000.0,"向控股股东南京长江油运公司定向配售,向华泰证券股份有限公司、太平洋资产管理有限责任公司非公开发行",eastmoney
600827,百联股份,,2011-08-31,,15.57,,,947984500.0,14760118665.0,于换股日登记在册的百联股份的全体股东。向非控股股东百联集团非公开发行,eastmoney
